"Month","Credit in Millions"
2011 Feb,1.84903293924793
2011 Mar,1.8504167220124
2011 Apr,1.85180050477688
2011 May,1.85318428754135
2011 Jun,1.85456807030583
2011 Jul,1.8559518530703
2011 Aug,1.85733563583478
2011 Sep,1.85871941859925
2011 Oct,1.86010320136373
2011 Nov,1.8614869841282
2011 Dec,1.86287076689267
2012 Jan,1.86425454965715
