"Month","Credit in Millions"
2011 Feb,1.89279923774445
2011 Mar,1.64979417227454
2011 Apr,1.92581415271106
2011 May,1.94793413259382
2011 Jun,1.93473044571615
2011 Jul,1.8992747580097
2011 Aug,1.83071974550545
2011 Sep,1.93207728984025
2011 Oct,1.92136706838724
2011 Nov,1.92036996553837
2011 Dec,1.8227349197519
2012 Jan,1.9698778941809
