"Month","Credit in Millions"
2011 Feb,1.89504537379089
2011 Mar,1.89656190378466
2011 Apr,1.89807843377843
2011 May,1.8995949637722
2011 Jun,1.90111149376597
2011 Jul,1.90262802375974
2011 Aug,1.90414455375351
2011 Sep,1.90566108374728
2011 Oct,1.90717761374105
2011 Nov,1.90869414373482
2011 Dec,1.91021067372859
2012 Jan,1.91172720372236
