"Month","Credit in Millions"
2011 Feb,1.84892952935324
2011 Mar,1.87479076638384
2011 Apr,1.87448696240854
2011 May,1.87585793414328
2011 Jun,1.86291548444618
2011 Jul,1.86140984492799
2011 Aug,1.8537372234746
2011 Sep,1.8417565625974
2011 Oct,1.8409519088717
2011 Nov,1.84329342225493
2011 Dec,1.85670790792232
2012 Jan,1.80136187161893
