"Month","Credit in Millions"
2011 Feb,1.71004099522958
2011 Mar,1.63855473503606
2011 Apr,1.78691252749873
2011 May,1.81851368374222
2011 Jun,1.83701033970067
2011 Jul,1.82253838458196
2011 Aug,1.78850112500807
2011 Sep,1.82145212178944
2011 Oct,1.82566925668011
2011 Nov,1.82634633618498
2011 Dec,1.82015556329187
2012 Jan,1.79729387552317
